{
  "dict-1": null,
  "dict-2": true,
  "dict-3": false,
  "dict-4": 0,
  "dict-5": -2147483648,
  "dict-6": 2147483647,
  "dict-7": 0,
  "dict-8": -9223372036854775808,
  "dict-9": 9223372036854775807,
  "dict-10": 0.0,
  "dict-11": 1.4e-45,
  "dict-12": 3.4028235e+38,
  "dict-13": 0.0,
  "dict-14": 5e-324,
  "dict-15": 1.7976931348623157e+308,
  "dict-16": null,
  "dict-17": 0,
  "dict-18": 1.4e-45,
  "dict-19": -9223372036854775808,
  "dict-20": null,
  "dict-21": "Quatro",
  "dict-22": null,
  "dict-23": "2019-02-21T05:37:22.014Z",
  "dict-24": null,
  "dict-25": [
    54,
    "Joplin"
  ],
  "dict-26": null,
  "dict-27": {
    "sdict-1": 58,
    "sdict-2": "Winehouse"
  }
}